date,ticker,open,high,low,close,volume,return_1d,return_3d,rolling_volatility_5d,article_count,sentiment_mean,sentiment_max,sentiment_min,sentiment_std,sentiment_abs_mean,sentiment_range,positive_count,negative_count,net_sentiment_count,sentiment_balance,after_hours_article_count,intraday_article_count,premarket_article_count,after_hours_sentiment_mean,intraday_sentiment_mean,premarket_sentiment_mean,article_count_change_1d,sentiment_mean_change_1d,sentiment_mean_lag_1d,sentiment_mean_lag_3d,sentiment_abs_mean_lag_1d,sentiment_std_lag_1d
2025-10-01,GOOG,241.17999267578125,247.1499938964844,239.1999969482422,245.5399932861328,23967700,,,,0.0,0.0,0.0,0.0,0.0,0.0,0.0,0.0,0.0,0.0,0.0,0.0,0.0,0.0,0.0,0.0,0.0,0.0,0.0,0.0,0.0,0.0,0.0
2025-10-02,GOOG,245.63999938964844,247.63499450683597,243.10499572753903,246.42999267578125,20657500,0.003624661619222591,,,0.0,0.0,0.0,0.0,0.0,0.0,0.0,0.0,0.0,0.0,0.0,0.0,0.0,0.0,0.0,0.0,0.0,0.0,0.0,0.0,0.0,0.0,0.0
2025-10-03,GOOG,245.22999572753903,247.1179962158203,242.47000122070312,246.4499969482422,19941400,8.117628963799639e-05,,,0.0,0.0,0.0,0.0,0.0,0.0,0.0,0.0,0.0,0.0,0.0,0.0,0.0,0.0,0.0,0.0,0.0,0.0,0.0,0.0,0.0,0.0,0.0
2025-10-06,GOOG,245.77999877929688,252.1999969482422,245.69000244140625,251.50999450683597,18309000,0.02053153832928012,0.024313763068919636,,0.0,0.0,0.0,0.0,0.0,0.0,0.0,0.0,0.0,0.0,0.0,0.0,0.0,0.0,0.0,0.0,0.0,0.0,0.0,0.0,0.0,0.0,0.0
2025-10-07,GOOG,248.92999267578125,251.5500030517578,246.80999755859372,247.1300048828125,13811200,-0.017414773645921366,0.0028406128630300564,,0.0,0.0,0.0,0.0,0.0,0.0,0.0,0.0,0.0,0.0,0.0,0.0,0.0,0.0,0.0,0.0,0.0,0.0,0.0,0.0,0.0,0.0,0.0
2025-10-08,GOOG,246.1999969482422,247.25999450683597,245.08999633789065,245.4600067138672,14136500,-0.006757569440979938,-0.00401700242091263,0.01399666985068908,0.0,0.0,0.0,0.0,0.0,0.0,0.0,0.0,0.0,0.0,0.0,0.0,0.0,0.0,0.0,0.0,0.0,0.0,0.0,0.0,0.0,0.0,0.0
2025-10-09,GOOG,245.05999755859372,245.55499267578125,239.67999267578125,242.2100067138672,19375700,-0.013240446146440932,-0.0369766132403776,0.014910991368716906,0.0,0.0,0.0,0.0,0.0,0.0,0.0,0.0,0.0,0.0,0.0,0.0,0.0,0.0,0.0,0.0,0.0,0.0,0.0,0.0,0.0,0.0,0.0
2025-10-10,GOOG,242.16000366210935,244.83999633789065,236.68499755859372,237.4900054931641,22449100,-0.01948722633197819,-0.0390078064143593,0.016286584425777493,0.0,0.0,0.0,0.0,0.0,0.0,0.0,0.0,0.0,0.0,0.0,0.0,0.0,0.0,0.0,0.0,0.0,0.0,0.0,0.0,0.0,0.0,0.0
2025-10-13,GOOG,241.02999877929688,244.9900054931641,240.75,244.63999938964844,12465000,0.03010650440483542,-0.0033406962510785787,0.02041337582062223,0.0,0.0,0.0,0.0,0.0,0.0,0.0,0.0,0.0,0.0,0.0,0.0,0.0,0.0,0.0,0.0,0.0,0.0,0.0,0.0,0.0,0.0,0.0
2025-10-14,GOOG,241.7550048828125,248.0249938964844,241.1779937744141,246.19000244140625,17705400,0.006335852908865736,0.016432003704292875,0.019655908521591228,0.0,0.0,0.0,0.0,0.0,0.0,0.0,0.0,0.0,0.0,0.0,0.0,0.0,0.0,0.0,0.0,0.0,0.0,0.0,0.0,0.0,0.0,0.0
2025-10-15,GOOG,248.0850067138672,252.75999450683597,246.7899932861328,251.7100067138672,16048100,0.022421723943784944,0.05987620906898505,0.021608547936347464,0.0,0.0,0.0,0.0,0.0,0.0,0.0,0.0,0.0,0.0,0.0,0.0,0.0,0.0,0.0,0.0,0.0,0.0,0.0,0.0,0.0,0.0,0.0
2025-10-16,GOOG,252.46499633789065,257.5799865722656,250.6699981689453,251.8800048828125,18946000,0.0006753731056015067,0.02959452874111812,0.01942067370784786,0.0,0.0,0.0,0.0,0.0,0.0,0.0,0.0,0.0,0.0,0.0,0.0,0.0,0.0,0.0,0.0,0.0,0.0,0.0,0.0,0.0,0.0,0.0
2025-10-17,GOOG,251.3500061035156,254.8800048828125,248.58999633789065,253.7899932861328,17653800,0.007582929832834262,0.030870428406349903,0.012310081293648358,0.0,0.0,0.0,0.0,0.0,0.0,0.0,0.0,0.0,0.0,0.0,0.0,0.0,0.0,0.0,0.0,0.0,0.0,0.0,0.0,0.0,0.0,0.0
2025-10-20,GOOG,255.22999572753903,257.8800048828125,254.6000061035156,257.0199890136719,13726800,0.01272704130575164,0.02109563449275509,0.008184430812900111,0.0,0.0,0.0,0.0,0.0,0.0,0.0,0.0,0.0,0.0,0.0,0.0,0.0,0.0,0.0,0.0,0.0,0.0,0.0,0.0,0.0,0.0,0.0
2025-10-21,GOOG,255.25,255.3800048828125,244.6699981689453,251.33999633789065,27836400,-0.022099419961764455,-0.0021439119201743795,0.016735063689385335,0.0,0.0,0.0,0.0,0.0,0.0,0.0,0.0,0.0,0.0,0.0,0.0,0.0,0.0,0.0,0.0,0.0,0.0,0.0,0.0,0.0,0.0,0.0
2025-10-22,GOOG,255.00999450683597,257.17999267578125,250.4510040283203,252.52999877929688,19650200,0.004734632206353728,-0.004964713109926966,0.013491793366691067,0.0,0.0,0.0,0.0,0.0,0.0,0.0,0.0,0.0,0.0,0.0,0.0,0.0,0.0,0.0,0.0,0.0,0.0,0.0,0.0,0.0,0.0,0.0
2025-10-23,GOOG,253.6999969482422,255.8600006103516,252.76800537109372,253.72999572753903,13241300,0.0047518986023158405,-0.012800534692878784,0.013610758944051284,0.0,0.0,0.0,0.0,0.0,0.0,0.0,0.0,0.0,0.0,0.0,0.0,0.0,0.0,0.0,0.0,0.0,0.0,0.0,0.0,0.0,0.0,0.0
2025-10-24,GOOG,257.29998779296875,262.510009765625,256.1000061035156,260.510009765625,18406000,0.02672137371320682,0.03648449733963788,0.01778596320783786,0.0,0.0,0.0,0.0,0.0,0.0,0.0,0.0,0.0,0.0,0.0,0.0,0.0,0.0,0.0,0.0,0.0,0.0,0.0,0.0,0.0,0.0,0.0
2025-10-27,GOOG,265.3599853515625,270.79998779296875,264.94000244140625,269.92999267578125,22987700,0.036159773356237546,0.06890268079275375,0.02263605043182758,11.0,0.43976363636363636,0.9818,-0.34,0.497121199050548,0.5435272727272727,1.3218,7.0,3.0,4.0,0.36363636363636365,0.0,11.0,0.0,0.0,0.43976363636363636,0.0,11.0,0.43976363636363636,0.0,0.0,0.0,0.0
2025-10-28,GOOG,270.20001220703125,271.3800048828125,267.1700134277344,268.42999267578125,20101200,-0.00555699640907148,0.05793558978350899,0.01735443086196089,49.0,0.45428775510204084,0.9657,-0.4767,0.38410580336708283,0.5214428571428572,1.4424000000000001,39.0,5.0,34.0,0.6938775510204082,15.0,6.0,28.0,0.45364,0.5072,0.4432964285714286,38.0,0.014524118738404479,0.43976363636363636,0.0,0.5435272727272727,0.497121199050548
2025-10-29,GOOG,268.6099853515625,275.9700012207031,268.42999267578125,275.1700134277344,26287900,0.02510904494973465,0.056274243263430224,0.017213641243461666,71.0,0.4034112676056338,0.9628,-0.5574,0.3997127477681568,0.4734873239436621,1.5202,52.0,7.0,45.0,0.6338028169014085,13.0,31.0,27.0,0.46994615384615385,0.38954516129032263,0.3872962962962963,22.0,-0.05087648749640705,0.45428775510204084,0.0,0.5214428571428572,0.38410580336708283
2025-10-30,GOOG,291.7200012207031,291.92999267578125,280.45001220703125,281.8999938964844,48570000,0.024457535851803325,0.04434483586668536,0.01577934357889557,92.0,0.3501673913043479,0.9264,-0.5994,0.39401087927990286,0.4393543478260869,1.5258,64.0,12.0,52.0,0.5652173913043478,31.0,37.0,24.0,0.3472258064516129,0.3519108108108108,0.35127916666666664,21.0,-0.05324387630128591,0.4034112676056338,0.43976363636363636,0.4734873239436621,0.3997127477681568
2025-10-31,GOOG,283.2049865722656,286.2850036621094,277.52301025390625,281.82000732421875,29932800,-0.0002837409506826205,0.04988270690231844,0.017963732707750143,19.0,0.4204210526315789,0.9337,-0.6597,0.42079699061416953,0.5136842105263157,1.5934,15.0,2.0,13.0,0.6842105263157895,19.0,0.0,0.0,0.4204210526315789,0.0,0.0,-73.0,0.07025366132723104,0.3501673913043479,0.45428775510204084,0.4393543478260869,0.39401087927990286
2025-11-03,GOOG,282.4200134277344,285.94000244140625,280.3699951171875,284.1199951171875,19691800,0.008161194142340511,0.03252527983687292,0.014033425029418805,0.0,0.0,0.0,0.0,0.0,0.0,0.0,0.0,0.0,0.0,0.0,0.0,0.0,0.0,0.0,0.0,0.0,-19.0,-0.4204210526315789,0.4204210526315789,0.4034112676056338,0.5136842105263157,0.42079699061416953
2025-11-04,GOOG,277.06500244140625,281.8340148925781,276.864990234375,278.0599975585937,18123700,-0.021329007682455825,-0.013621839024589577,0.0192962971876684,0.0,0.0,0.0,0.0,0.0,0.0,0.0,0.0,0.0,0.0,0.0,0.0,0.0,0.0,0.0,0.0,0.0,0.0,0.0,0.0,0.3501673913043479,0.0,0.0
2025-11-05,GOOG,279.3800048828125,286.70001220703125,277.8800048828125,284.75,20063200,0.024059564483009055,0.010396680858823615,0.019057330410244416,0.0,0.0,0.0,0.0,0.0,0.0,0.0,0.0,0.0,0.0,0.0,0.0,0.0,0.0,0.0,0.0,0.0,0.0,0.0,0.0,0.4204210526315789,0.0,0.0
2025-11-06,GOOG,285.7349853515625,288.8099975585937,281.6199951171875,285.3399963378906,23103800,0.0020719801155071327,0.004293964668695471,0.01637537390686918,0.0,0.0,0.0,0.0,0.0,0.0,0.0,0.0,0.0,0.0,0.0,0.0,0.0,0.0,0.0,0.0,0.0,0.0,0.0,0.0,0.0,0.0,0.0
2025-11-07,GOOG,284.2099914550781,284.5,275.739990234375,279.70001220703125,21991100,-0.01976583795908049,0.0058980603568909995,0.01927512660026733,0.0,0.0,0.0,0.0,0.0,0.0,0.0,0.0,0.0,0.0,0.0,0.0,0.0,0.0,0.0,0.0,0.0,0.0,0.0,0.0,0.0,0.0,0.0
2025-11-10,GOOG,285.2650146484375,291.4599914550781,283.5400085449219,290.5899963378906,19508200,0.03893451432100292,0.02050920575203019,0.02659766557361138,0.0,0.0,0.0,0.0,0.0,0.0,0.0,0.0,0.0,0.0,0.0,0.0,0.0,0.0,0.0,0.0,0.0,0.0,0.0,0.0,0.0,0.0,0.0
2025-11-11,GOOG,288.20001220703125,292.3399963378906,287.8800048828125,291.739990234375,14156700,0.003957444891348638,0.02242936138860019,0.022472974554912237,0.0,0.0,0.0,0.0,0.0,0.0,0.0,0.0,0.0,0.0,0.0,0.0,0.0,0.0,0.0,0.0,0.0,0.0,0.0,0.0,0.0,0.0,0.0
2025-11-12,GOOG,292.0849914550781,292.3599853515625,284.3800048828125,287.42999267578125,16998800,-0.014773420521236202,0.027636682629203158,0.023038328862174377,0.0,0.0,0.0,0.0,0.0,0.0,0.0,0.0,0.0,0.0,0.0,0.0,0.0,0.0,0.0,0.0,0.0,0.0,0.0,0.0,0.0,0.0,0.0
2025-11-13,GOOG,282.9849853515625,283.510009765625,278.0,279.1199951171875,18060200,-0.028911379363138923,-0.03947142491225364,0.026887897290743493,0.0,0.0,0.0,0.0,0.0,0.0,0.0,0.0,0.0,0.0,0.0,0.0,0.0,0.0,0.0,0.0,0.0,0.0,0.0,0.0,0.0,0.0,0.0
2025-11-14,GOOG,271.8949890136719,279.1499938964844,271.4100036621094,276.9800109863281,18330500,-0.007666896561677405,-0.05059292432343321,0.025642481637567122,0.0,0.0,0.0,0.0,0.0,0.0,0.0,0.0,0.0,0.0,0.0,0.0,0.0,0.0,0.0,0.0,0.0,0.0,0.0,0.0,0.0,0.0,0.0
2025-11-17,GOOG,286.3999938964844,294.5199890136719,284.2300109863281,285.6000061035156,34286100,0.031121361741923703,-0.006366721006495046,0.022606095702442933,0.0,0.0,0.0,0.0,0.0,0.0,0.0,0.0,0.0,0.0,0.0,0.0,0.0,0.0,0.0,0.0,0.0,0.0,0.0,0.0,0.0,0.0,0.0
2025-11-18,GOOG,288.4849853515625,289.4349975585937,279.010009765625,284.9599914550781,29702200,-0.0022409476006997053,0.0209228877903882,0.022279320067049694,0.0,0.0,0.0,0.0,0.0,0.0,0.0,0.0,0.0,0.0,0.0,0.0,0.0,0.0,0.0,0.0,0.0,0.0,0.0,0.0,0.0,0.0,0.0
2025-11-19,GOOG,287.6849975585937,304.25,287.6700134277344,292.989990234375,43123600,0.028179390160329776,0.057801930150248815,0.025388922738402177,0.0,0.0,0.0,0.0,0.0,0.0,0.0,0.0,0.0,0.0,0.0,0.0,0.0,0.0,0.0,0.0,0.0,0.0,0.0,0.0,0.0,0.0,0.0
2025-11-20,GOOG,304.739990234375,306.8900146484375,289.1700134277344,289.9800109863281,34801400,-0.01027331768446793,0.015336151222717254,0.020161181305553905,0.0,0.0,0.0,0.0,0.0,0.0,0.0,0.0,0.0,0.0,0.0,0.0,0.0,0.0,0.0,0.0,0.0,0.0,0.0,0.0,0.0,0.0,0.0
2025-11-21,GOOG,296.8699951171875,303.9599914550781,294.3599853515625,299.6499938964844,43670600,0.03334706719013192,0.0515511050038826,0.020621164430647255,0.0,0.0,0.0,0.0,0.0,0.0,0.0,0.0,0.0,0.0,0.0,0.0,0.0,0.0,0.0,0.0,0.0,0.0,0.0,0.0,0.0,0.0,0.0
2025-11-24,GOOG,311.010009765625,319.79998779296875,309.3999938964844,318.4700012207031,55311800,0.06280663343086945,0.08696546583706022,0.029413649375067612,11.0,0.5033727272727272,0.9493,0.0,0.3071917384660892,0.5033727272727272,0.9493,10.0,0.0,10.0,0.9090909090909091,2.0,9.0,0.0,0.35525,0.5362888888888889,0.0,11.0,0.5033727272727272,0.0,0.0,0.0,0.0
2025-11-25,GOOG,326.79998779296875,328.6700134277344,317.8160095214844,323.6400146484375,50899300,0.01623391028328447,0.11607697905665759,0.026573343017436513,80.0,0.2584975,0.9838,-0.8553,0.4744186966599296,0.43229749999999995,1.8391,47.0,18.0,29.0,0.3625,17.0,25.0,38.0,0.2768764705882353,0.167908,0.3098736842105263,69.0,-0.2448752272727272,0.5033727272727272,0.0,0.5033727272727272,0.3071917384660892
2025-11-26,GOOG,320.7799987792969,324.989990234375,317.20001220703125,320.2799987792969,29839600,-0.010381954384690473,0.06884700585022951,0.0310266078215448,86.0,0.3054383720930232,0.9393,-0.9476,0.4535096012132631,0.45680116279069766,1.8869,58.0,15.0,43.0,0.5,5.0,36.0,45.0,0.22232,0.29725555555555555,0.32122,6.0,0.04694087209302322,0.2584975,0.0,0.43229749999999995,0.4744186966599296
2025-11-28,GOOG,323.42999267578125,326.8800048828125,316.94000244140625,320.1199951171875,19695800,-0.0004995743184688095,0.005181002575312954,0.02901541634532238,61.0,0.19000983606557378,0.9501,-0.8885,0.45898754002874564,0.37966229508196725,1.8386,32.0,16.0,16.0,0.26229508196721313,8.0,5.0,48.0,0.2151125,0.15012,0.18998125,-25.0,-0.11542853602744943,0.3054383720930232,0.5033727272727272,0.45680116279069766,0.4535096012132631
2025-12-01,GOOG,317.4750061035156,319.6300048828125,313.9800109863281,315.1199951171875,28520600,-0.015619143059681817,-0.026325606061120443,0.031654847963374984,8.0,0.6042875,0.91,0.128,0.27012325460532166,0.6042875,0.782,8.0,0.0,8.0,1.0,4.0,0.0,4.0,0.771,0.0,0.43757500000000005,-53.0,0.4142776639344262,0.19000983606557378,0.2584975,0.37966229508196725,0.45898754002874564
2025-12-02,GOOG,316.8999938964844,318.6000061035156,314.2200012207031,316.0199890136719,24668200,0.002856035511645816,-0.013300892287565369,0.01237644124253305,0.0,0.0,0.0,0.0,0.0,0.0,0.0,0.0,0.0,0.0,0.0,0.0,0.0,0.0,0.0,0.0,0.0,-8.0,-0.6042875,0.6042875,0.3054383720930232,0.6042875,0.27012325460532166
2025-12-03,GOOG,316.0299987792969,322.0400085449219,314.2799987792969,320.6199951171875,32285100,0.014556060576651042,0.0015619143059681928,0.011784604130610492,0.0,0.0,0.0,0.0,0.0,0.0,0.0,0.0,0.0,0.0,0.0,0.0,0.0,0.0,0.0,0.0,0.0,0.0,0.0,0.0,0.19000983606557378,0.0,0.0
2025-12-04,GOOG,323.0450134277344,323.0989990234375,315.5899963378906,318.3900146484375,20831600,-0.006955213345115729,0.010377061379535535,0.011249519558215864,0.0,0.0,0.0,0.0,0.0,0.0,0.0,0.0,0.0,0.0,0.0,0.0,0.0,0.0,0.0,0.0,0.0,0.0,0.0,0.0,0.6042875,0.0,0.0
2025-12-05,GOOG,320.0,323.8299865722656,319.9800109863281,322.0899963378906,15719900,0.01162090995076781,0.019207668929942745,0.012639928579841836,0.0,0.0,0.0,0.0,0.0,0.0,0.0,0.0,0.0,0.0,0.0,0.0,0.0,0.0,0.0,0.0,0.0,0.0,0.0,0.0,0.0,0.0,0.0
2025-12-08,GOOG,321.0299987792969,321.2300109863281,311.9100036621094,314.45001220703125,22006900,-0.023720029239419738,-0.019243911808747627,0.015536704750843391,0.0,0.0,0.0,0.0,0.0,0.0,0.0,0.0,0.0,0.0,0.0,0.0,0.0,0.0,0.0,0.0,0.0,0.0,0.0,0.0,0.0,0.0,0.0
2025-12-09,GOOG,313.1000061035156,318.7090148925781,312.6199951171875,317.75,14151300,0.010494475003537396,-0.0020101592983190475,0.01628559442448241,0.0,0.0,0.0,0.0,0.0,0.0,0.0,0.0,0.0,0.0,0.0,0.0,0.0,0.0,0.0,0.0,0.0,0.0,0.0,0.0,0.0,0.0,0.0
2025-12-10,GOOG,316.6199951171875,321.8699951171875,315.3999938964844,321.0,22764500,0.010228166797797034,-0.0033841359566695317,0.015493975268040227,0.0,0.0,0.0,0.0,0.0,0.0,0.0,0.0,0.0,0.0,0.0,0.0,0.0,0.0,0.0,0.0,0.0,0.0,0.0,0.0,0.0,0.0,0.0
2025-12-11,GOOG,321.1000061035156,321.989990234375,309.8800048828125,313.70001220703125,25912100,-0.022741394993672115,-0.0023851167781357985,0.01863962793637878,0.0,0.0,0.0,0.0,0.0,0.0,0.0,0.0,0.0,0.0,0.0,0.0,0.0,0.0,0.0,0.0,0.0,0.0,0.0,0.0,0.0,0.0,0.0
2025-12-12,GOOG,314.7950134277344,316.1400146484375,306.9599914550781,310.5199890136719,21264800,-0.010137147177605721,-0.022753771790175015,0.01688124345874598,0.0,0.0,0.0,0.0,0.0,0.0,0.0,0.0,0.0,0.0,0.0,0.0,0.0,0.0,0.0,0.0,0.0,0.0,0.0,0.0,0.0,0.0,0.0
2025-12-15,GOOG,312.625,312.70001220703125,305.739990234375,309.32000732421875,22028900,-0.0038644265487214335,-0.03638627001801009,0.014126976131114962,0.0,0.0,0.0,0.0,0.0,0.0,0.0,0.0,0.0,0.0,0.0,0.0,0.0,0.0,0.0,0.0,0.0,0.0,0.0,0.0,0.0,0.0,0.0
2025-12-16,GOOG,306.0,311.8450012207031,303.8299865722656,307.7300109863281,21285200,-0.005140295810946549,-0.019030924413108163,0.011890075549357018,0.0,0.0,0.0,0.0,0.0,0.0,0.0,0.0,0.0,0.0,0.0,0.0,0.0,0.0,0.0,0.0,0.0,0.0,0.0,0.0,0.0,0.0,0.0
2025-12-17,GOOG,309.010009765625,309.19500732421875,297.45001220703125,298.0599975585937,29120400,-0.031423693115729456,-0.04012621375730363,0.011978686425088604,0.0,0.0,0.0,0.0,0.0,0.0,0.0,0.0,0.0,0.0,0.0,0.0,0.0,0.0,0.0,0.0,0.0,0.0,0.0,0.0,0.0,0.0,0.0
2025-12-18,GOOG,303.0599975585937,305.260009765625,300.6300048828125,303.75,21040500,0.019090124431366373,-0.018007264943520007,0.018012904291526095,0.0,0.0,0.0,0.0,0.0,0.0,0.0,0.0,0.0,0.0,0.0,0.0,0.0,0.0,0.0,0.0,0.0,0.0,0.0,0.0,0.0,0.0,0.0
2025-12-19,GOOG,303.2699890136719,308.989990234375,302.3399963378906,308.6099853515625,45234400,0.01599995177469138,0.0028595662880390726,0.020270277853131582,0.0,0.0,0.0,0.0,0.0,0.0,0.0,0.0,0.0,0.0,0.0,0.0,0.0,0.0,0.0,0.0,0.0,0.0,0.0,0.0,0.0,0.0,0.0
2025-12-22,GOOG,311.2250061035156,311.70001220703125,306.5899963378906,311.3299865722656,14091400,0.008813717474515759,0.04452120083998623,0.02062286053514761,74.0,0.2806351351351351,0.9686,-0.7432,0.4632483547738367,0.42165135135135134,1.7118,44.0,11.0,33.0,0.44594594594594594,11.0,28.0,35.0,0.24111818181818181,0.3449785714285714,0.24158,74.0,0.2806351351351351,0.0,0.0,0.0,0.0
2025-12-23,GOOG,311.135009765625,316.29998779296875,310.75,315.67999267578125,13961400,0.013972332544671007,0.03927569605195469,0.020861694835306567,46.0,0.3630978260869565,0.9571,-0.743,0.4419693611749477,0.489767391304348,1.7001,34.0,7.0,27.0,0.5869565217391305,12.0,18.0,16.0,0.3865416666666666,0.46629444444444446,0.22941875,-28.0,0.0824626909518214,0.2806351351351351,0.0,0.42165135135135134,0.4632483547738367
2025-12-24,GOOG,316.1499938964844,316.2900085449219,313.32000732421875,315.6700134277344,6138200,-3.161191167766475e-05,0.022876862095467354,0.007485693557303637,28.0,0.38412857142857143,0.9331,-0.3182,0.3743145833407874,0.42151428571428573,1.2513,20.0,3.0,17.0,0.6071428571428571,4.0,12.0,12.0,0.353925,0.417525,0.3608,-18.0,0.02103074534161492,0.3630978260869565,0.0,0.489767391304348,0.4419693611749477
2025-12-26,GOOG,315.9200134277344,316.5599975585937,313.7200012207031,314.9599914550781,6730900,-0.0022492537854527095,0.011659669930220273,0.008176816294680709,44.0,0.44487727272727273,0.9864,-0.6124,0.42595050583952493,0.5502954545454546,1.5988000000000002,36.0,5.0,31.0,0.7045454545454546,11.0,12.0,21.0,0.47290000000000004,0.5037833333333334,0.3965380952380952,16.0,0.0607487012987013,0.38412857142857143,0.2806351351351351,0.42151428571428573,0.3743145833407874
2025-12-29,GOOG,312.82000732421875,314.9700012207031,311.8999938964844,314.3900146484375,12317700,-0.00180968002954085,-0.004086347115031197,0.007268741294454206,55.0,0.38551454545454544,0.9584,-0.8658,0.4513334553660519,0.5064563636363636,1.8242,40.0,9.0,31.0,0.5636363636363636,6.0,19.0,30.0,-0.0030333333333333323,0.37640526315789474,0.4689933333333334,11.0,-0.05936272727272729,0.44487727272727273,0.3630978260869565,0.5502954545454546,0.42595050583952493
2025-12-30,GOOG,313.4100036621094,317.70001220703125,313.25,314.54998779296875,11052500,0.0005088365949221796,-0.0035480900532923743,0.006749575248692023,38.0,0.4734684210526316,0.9565,-0.4019,0.3640681144357343,0.5147894736842107,1.3584,31.0,2.0,29.0,0.7631578947368421,4.0,13.0,21.0,0.59585,0.5237307692307692,0.41904285714285716,-17.0,0.08795387559808615,0.38551454545454544,0.38412857142857143,0.5064563636363636,0.4513334553660519
2025-12-31,GOOG,313.3699951171875,315.3900146484375,312.20001220703125,313.79998779296875,10821500,-0.002384358700066591,-0.00368301909315627,0.0013379435460626006,31.0,0.46729677419354837,0.9605,-0.7096,0.43822822325349375,0.5452516129032258,1.6701000000000001,25.0,3.0,22.0,0.7096774193548387,3.0,12.0,16.0,0.3937,0.589,0.38981875,-7.0,-0.006171646859083224,0.4734684210526316,0.44487727272727273,0.5147894736842107,0.3640681144357343
2025-10-01,NVDA,185.2400054931641,188.13999938964844,183.8999938964844,187.2400054931641,173844900,,,,0.0,0.0,0.0,0.0,0.0,0.0,0.0,0.0,0.0,0.0,0.0,0.0,0.0,0.0,0.0,0.0,0.0,0.0,0.0,0.0,0.0,0.0,0.0
2025-10-02,NVDA,189.6000061035156,191.0500030517578,188.05999755859372,188.88999938964844,136805800,0.008812186755381202,,,0.0,0.0,0.0,0.0,0.0,0.0,0.0,0.0,0.0,0.0,0.0,0.0,0.0,0.0,0.0,0.0,0.0,0.0,0.0,0.0,0.0,0.0,0.0
2025-10-03,NVDA,189.19000244140625,190.3600006103516,185.3800048828125,187.6199951171875,137596900,-0.0067235125023275,,,0.0,0.0,0.0,0.0,0.0,0.0,0.0,0.0,0.0,0.0,0.0,0.0,0.0,0.0,0.0,0.0,0.0,0.0,0.0,0.0,0.0,0.0,0.0
2025-10-06,NVDA,185.5,187.22999572753903,183.3300018310547,185.5399932861328,157678100,-0.011086248188821868,-0.009079321497314052,,0.0,0.0,0.0,0.0,0.0,0.0,0.0,0.0,0.0,0.0,0.0,0.0,0.0,0.0,0.0,0.0,0.0,0.0,0.0,0.0,0.0,0.0,0.0
2025-10-07,NVDA,186.22999572753903,189.05999755859372,184.0,185.0399932861328,140088000,-0.002694836790410604,-0.020382265424087942,,0.0,0.0,0.0,0.0,0.0,0.0,0.0,0.0,0.0,0.0,0.0,0.0,0.0,0.0,0.0,0.0,0.0,0.0,0.0,0.0,0.0,0.0,0.0
2025-10-08,NVDA,186.57000732421875,189.6000061035156,186.5399932861328,189.1100006103516,130168900,0.02199528465138445,0.007941613537690628,0.013375257050646433,0.0,0.0,0.0,0.0,0.0,0.0,0.0,0.0,0.0,0.0,0.0,0.0,0.0,0.0,0.0,0.0,0.0,0.0,0.0,0.0,0.0,0.0,0.0
2025-10-09,NVDA,192.22999572753903,195.3000030517578,191.05999755859372,192.57000732421875,182997200,0.01829626515097038,0.037889480933873454,0.01512955578942274,0.0,0.0,0.0,0.0,0.0,0.0,0.0,0.0,0.0,0.0,0.0,0.0,0.0,0.0,0.0,0.0,0.0,0.0,0.0,0.0,0.0,0.0,0.0
2025-10-10,NVDA,193.50999450683597,195.6199951171875,182.0500030517578,183.16000366210935,268774400,-0.0488653648242654,-0.010159909707283532,0.028445511413039675,0.0,0.0,0.0,0.0,0.0,0.0,0.0,0.0,0.0,0.0,0.0,0.0,0.0,0.0,0.0,0.0,0.0,0.0,0.0,0.0,0.0,0.0,0.0
2025-10-13,NVDA,187.97000122070312,190.1100006103516,185.9600067138672,188.32000732421875,153482800,0.028172109406748413,-0.004177427336381712,0.03142512634342951,0.0,0.0,0.0,0.0,0.0,0.0,0.0,0.0,0.0,0.0,0.0,0.0,0.0,0.0,0.0,0.0,0.0,0.0,0.0,0.0,0.0,0.0,0.0
2025-10-14,NVDA,184.7700042724609,184.8000030517578,179.6999969482422,180.02999877929688,205641400,-0.04402085929536681,-0.06511921933828979,0.03813981256818484,0.0,0.0,0.0,0.0,0.0,0.0,0.0,0.0,0.0,0.0,0.0,0.0,0.0,0.0,0.0,0.0,0.0,0.0,0.0,0.0,0.0,0.0,0.0
2025-10-15,NVDA,184.8000030517578,184.8699951171875,177.2899932861328,179.8300018310547,214450500,-0.0011109090129327592,-0.018180835141266893,0.03536777678874255,0.0,0.0,0.0,0.0,0.0,0.0,0.0,0.0,0.0,0.0,0.0,0.0,0.0,0.0,0.0,0.0,0.0,0.0,0.0,0.0,0.0,0.0,0.0
2025-10-16,NVDA,182.22999572753903,183.27999877929688,179.77000427246094,181.80999755859372,179723300,0.011010374839450776,-0.03456886954351668,0.03406193259112712,0.0,0.0,0.0,0.0,0.0,0.0,0.0,0.0,0.0,0.0,0.0,0.0,0.0,0.0,0.0,0.0,0.0,0.0,0.0,0.0,0.0,0.0,0.0
2025-10-17,NVDA,180.17999267578125,184.1000061035156,179.75,183.22000122070312,173135200,0.007755369237354426,0.017719282691974758,0.02698823650103948,0.0,0.0,0.0,0.0,0.0,0.0,0.0,0.0,0.0,0.0,0.0,0.0,0.0,0.0,0.0,0.0,0.0,0.0,0.0,0.0,0.0,0.0,0.0
2025-10-20,NVDA,183.1300048828125,185.1999969482422,181.72999572753903,182.63999938964844,128544700,-0.0031656032485013474,0.01562585514086612,0.02211358133395564,0.0,0.0,0.0,0.0,0.0,0.0,0.0,0.0,0.0,0.0,0.0,0.0,0.0,0.0,0.0,0.0,0.0,0.0,0.0,0.0,0.0,0.0,0.0
2025-10-21,NVDA,182.7899932861328,182.7899932861328,179.8000030517578,181.16000366210935,124240200,-0.00810334938942725,-0.0035751273594011312,0.007907870151475458,0.0,0.0,0.0,0.0,0.0,0.0,0.0,0.0,0.0,0.0,0.0,0.0,0.0,0.0,0.0,0.0,0.0,0.0,0.0,0.0,0.0,0.0,0.0
2025-10-22,NVDA,181.13999938964844,183.44000244140625,176.75999450683594,180.27999877929688,162249600,-0.004857611310572829,-0.016046296374950808,0.008355578296288725,0.0,0.0,0.0,0.0,0.0,0.0,0.0,0.0,0.0,0.0,0.0,0.0,0.0,0.0,0.0,0.0,0.0,0.0,0.0,0.0,0.0,0.0,0.0
2025-10-23,NVDA,180.4199981689453,183.02999877929688,179.7899932861328,182.16000366210935,111363700,0.010428249919804067,-0.0026280975095441805,0.008175107890266061,0.0,0.0,0.0,0.0,0.0,0.0,0.0,0.0,0.0,0.0,0.0,0.0,0.0,0.0,0.0,0.0,0.0,0.0,0.0,0.0,0.0,0.0,0.0
2025-10-24,NVDA,183.83999633789065,187.47000122070312,183.5,186.25999450683597,131296700,0.022507634839159074,0.02815185880785731,0.012826857293582029,0.0,0.0,0.0,0.0,0.0,0.0,0.0,0.0,0.0,0.0,0.0,0.0,0.0,0.0,0.0,0.0,0.0,0.0,0.0,0.0,0.0,0.0,0.0
2025-10-27,NVDA,189.9900054931641,192.0,188.42999267578125,191.4900054931641,153452700,0.028079089125798262,0.06218108935972855,0.016056153733980272,0.0,0.0,0.0,0.0,0.0,0.0,0.0,0.0,0.0,0.0,0.0,0.0,0.0,0.0,0.0,0.0,0.0,0.0,0.0,0.0,0.0,0.0,0.0
2025-10-28,NVDA,193.0500030517578,203.1499938964844,191.91000366210935,201.02999877929688,297986200,0.049819797443545255,0.1035902214417479,0.020390893705603937,59.0,0.39127457627118645,0.9776,-0.4215,0.3506748074062154,0.42692203389830513,1.3991,46.0,3.0,43.0,0.7288135593220338,0.0,29.0,30.0,0.0,0.426496551724138,0.35722666666666664,59.0,0.39127457627118645,0.0,0.0,0.0,0.0
2025-10-29,NVDA,207.97999572753903,212.19000244140625,204.77999877929688,207.0399932861328,308829600,0.029896008274039154,0.11156447649596712,0.01430498454313942,93.0,0.3795118279569893,0.9674,-0.8397,0.442720653864916,0.4824903225806452,1.8071000000000002,65.0,12.0,53.0,0.5698924731182796,17.0,44.0,32.0,0.5351764705882354,0.31780227272727274,0.381665625,34.0,-0.011762748314197158,0.39127457627118645,0.0,0.42692203389830513,0.3506748074062154
2025-10-30,NVDA,205.1499938964844,206.16000366210935,201.41000366210935,202.88999938964844,178864400,-0.020044407027916655,0.05953310130794942,0.025696400190790676,90.0,0.3407266666666666,0.9628,-0.9,0.47261140480849184,0.5077311111111111,1.8628,64.0,17.0,47.0,0.5222222222222223,18.0,39.0,33.0,0.2382833333333333,0.3210769230769231,0.4198272727272727,-3.0,-0.03878516129032267,0.3795118279569893,0.0,0.4824903225806452,0.442720653864916
2025-10-31,NVDA,206.4499969482422,207.97000122070312,202.07000732421875,202.4900054931641,179802200,-0.0019714815796127994,0.007262631063685632,0.02783108057877584,4.0,0.170475,0.6597,-0.296,0.41143019962888805,0.318475,0.9557,2.0,1.0,1.0,0.25,4.0,0.0,0.0,0.170475,0.0,0.0,-86.0,-0.17025166666666663,0.3407266666666666,0.39127457627118645,0.5077311111111111,0.47261140480849184
2025-11-03,NVDA,208.0800018310547,211.33999633789065,205.55999755859372,206.8800048828125,180267300,0.02168007936469052,-0.0007727415403225857,0.027346103899596012,0.0,0.0,0.0,0.0,0.0,0.0,0.0,0.0,0.0,0.0,0.0,0.0,0.0,0.0,0.0,0.0,0.0,-4.0,-0.170475,0.170475,0.3795118279569893,0.318475,0.41143019962888805
2025-11-04,NVDA,203.0,203.97000122070312,197.92999267578125,198.69000244140625,188919300,-0.03958817792007252,-0.020700857414741924,0.028794851552024135,0.0,0.0,0.0,0.0,0.0,0.0,0.0,0.0,0.0,0.0,0.0,0.0,0.0,0.0,0.0,0.0,0.0,0.0,0.0,0.0,0.3407266666666666,0.0,0.0
2025-11-05,NVDA,198.7700042724609,202.9199981689453,194.6499938964844,195.2100067138672,171350300,-0.017514699706973502,-0.03595238570697101,0.022857377479537443,0.0,0.0,0.0,0.0,0.0,0.0,0.0,0.0,0.0,0.0,0.0,0.0,0.0,0.0,0.0,0.0,0.0,0.0,0.0,0.0,0.170475,0.0,0.0
2025-11-06,NVDA,196.4199981689453,197.6199951171875,186.3800048828125,188.0800018310547,223029800,-0.03652479195527836,-0.09087394918811564,0.025441873506278342,0.0,0.0,0.0,0.0,0.0,0.0,0.0,0.0,0.0,0.0,0.0,0.0,0.0,0.0,0.0,0.0,0.0,0.0,0.0,0.0,0.0,0.0,0.0
2025-11-07,NVDA,184.8999938964844,188.32000732421875,178.91000366210938,188.1499938964844,264942300,0.000372139859359244,-0.053047503223168424,0.025756573310367674,0.0,0.0,0.0,0.0,0.0,0.0,0.0,0.0,0.0,0.0,0.0,0.0,0.0,0.0,0.0,0.0,0.0,0.0,0.0,0.0,0.0,0.0,0.0
2025-11-10,NVDA,195.1100006103516,199.94000244140625,193.7899932861328,199.0500030517578,198897100,0.05793255120311258,0.019671103969168824,0.03973293778122419,0.0,0.0,0.0,0.0,0.0,0.0,0.0,0.0,0.0,0.0,0.0,0.0,0.0,0.0,0.0,0.0,0.0,0.0,0.0,0.0,0.0,0.0,0.0
2025-11-11,NVDA,195.16000366210935,195.4199981689453,191.3000030517578,193.16000366210935,176483300,-0.029590551616906602,0.02700979254358926,0.037896141499468565,0.0,0.0,0.0,0.0,0.0,0.0,0.0,0.0,0.0,0.0,0.0,0.0,0.0,0.0,0.0,0.0,0.0,0.0,0.0,0.0,0.0,0.0,0.0
2025-11-12,NVDA,195.72000122070312,195.88999938964844,191.1300048828125,193.8000030517578,154935300,0.003313312163567783,0.0300292816293255,0.03732597276964392,0.0,0.0,0.0,0.0,0.0,0.0,0.0,0.0,0.0,0.0,0.0,0.0,0.0,0.0,0.0,0.0,0.0,0.0,0.0,0.0,0.0,0.0,0.0
2025-11-13,NVDA,191.0500030517578,191.44000244140625,183.8500061035156,186.8600006103516,207423100,-0.035810125552747096,-0.06124090557404571,0.03715642988478917,0.0,0.0,0.0,0.0,0.0,0.0,0.0,0.0,0.0,0.0,0.0,0.0,0.0,0.0,0.0,0.0,0.0,0.0,0.0,0.0,0.0,0.0,0.0
2025-11-14,NVDA,182.8600006103516,191.00999450683597,180.5800018310547,190.1699981689453,186591900,0.01771378330184148,-0.015479423464882403,0.03808586795512602,0.0,0.0,0.0,0.0,0.0,0.0,0.0,0.0,0.0,0.0,0.0,0.0,0.0,0.0,0.0,0.0,0.0,0.0,0.0,0.0,0.0,0.0,0.0
2025-11-17,NVDA,185.97000122070312,189.0,184.32000732421875,186.6000061035156,173628900,-0.018772635535591498,-0.03715168645440803,0.02257014005310008,0.0,0.0,0.0,0.0,0.0,0.0,0.0,0.0,0.0,0.0,0.0,0.0,0.0,0.0,0.0,0.0,0.0,0.0,0.0,0.0,0.0,0.0,0.0
2025-11-18,NVDA,183.3800048828125,184.8000030517578,179.64999389648438,181.3600006103516,213598900,-0.02808148618310946,-0.0294338006102699,0.02229504016095026,0.0,0.0,0.0,0.0,0.0,0.0,0.0,0.0,0.0,0.0,0.0,0.0,0.0,0.0,0.0,0.0,0.0,0.0,0.0,0.0,0.0,0.0,0.0
2025-11-19,NVDA,184.7899932861328,187.8600006103516,182.8300018310547,186.5200042724609,247246400,0.02845171837639926,-0.01919332140520813,0.028636486842692616,0.0,0.0,0.0,0.0,0.0,0.0,0.0,0.0,0.0,0.0,0.0,0.0,0.0,0.0,0.0,0.0,0.0,0.0,0.0,0.0,0.0,0.0,0.0
2025-11-20,NVDA,195.9499969482422,196.0,179.85000610351562,180.63999938964844,343504800,-0.03152479491810001,-0.03194001349903963,0.027615810610086382,0.0,0.0,0.0,0.0,0.0,0.0,0.0,0.0,0.0,0.0,0.0,0.0,0.0,0.0,0.0,0.0,0.0,0.0,0.0,0.0,0.0,0.0,0.0
2025-11-21,NVDA,181.2400054931641,184.55999755859372,172.92999267578125,178.8800048828125,346926200,-0.009743105141622355,-0.013674436034367465,0.024120083750814928,0.0,0.0,0.0,0.0,0.0,0.0,0.0,0.0,0.0,0.0,0.0,0.0,0.0,0.0,0.0,0.0,0.0,0.0,0.0,0.0,0.0,0.0,0.0
2025-11-24,NVDA,179.49000549316406,183.5,176.47999572753906,182.5500030517578,256618300,0.02051653660983299,-0.02128458679908607,0.027498459545281545,0.0,0.0,0.0,0.0,0.0,0.0,0.0,0.0,0.0,0.0,0.0,0.0,0.0,0.0,0.0,0.0,0.0,0.0,0.0,0.0,0.0,0.0,0.0
2025-11-25,NVDA,174.91000366210938,178.16000366210938,169.5500030517578,177.82000732421875,320600300,-0.02591068555719489,-0.01561111644684432,0.027037981355722447,70.0,0.27355285714285715,0.9287,-0.8555,0.49685497540622586,0.47320142857142855,1.7842,44.0,15.0,29.0,0.4142857142857143,4.0,27.0,39.0,0.23632499999999998,0.20066666666666666,0.3278307692307692,70.0,0.27355285714285715,0.0,0.0,0.0,0.0
2025-11-26,NVDA,181.6300048828125,182.91000366210935,178.24000549316406,180.25999450683597,183852000,0.013721668440651813,0.007714610836060398,0.023196460631733862,88.0,0.24733068181818182,0.9393,-0.9476,0.5018912849625592,0.46838295454545464,1.8869,52.0,24.0,28.0,0.3181818181818182,5.0,26.0,57.0,0.36594,0.25782307692307693,0.23214035087719298,18.0,-0.02622217532467533,0.27355285714285715,0.0,0.47320142857142855,0.49685497540622586
2025-11-28,NVDA,179.00999450683594,179.2899932861328,176.5,177.0,121332800,-0.018084958427713405,-0.030402645625726143,0.020165041907854373,84.0,0.25648809523809524,0.9705,-0.8885,0.46151371617538617,0.4255047619047619,1.859,51.0,16.0,35.0,0.4166666666666667,18.0,0.0,66.0,0.2208,0.0,0.2662212121212121,-4.0,0.009157413419913413,0.24733068181818182,0.0,0.46838295454545464,0.5018912849625592
2025-12-01,NVDA,174.75999450683594,180.3000030517578,173.67999267578125,179.9199981689453,188131000,0.016497164796301256,0.011809643224778732,0.021625872652978738,7.0,0.34270000000000006,0.7717,0.0,0.31272889750282645,0.34270000000000006,0.7717,5.0,0.0,5.0,0.7142857142857143,1.0,0.0,6.0,0.6486,0.0,0.2917166666666667,-77.0,0.08621190476190482,0.25648809523809524,0.27355285714285715,0.4255047619047619,0.46151371617538617
2025-12-02,NVDA,181.75999450683597,185.66000366210935,180.0,181.4600067138672,182632200,0.008559407295434696,0.006657118848329535,0.019536435012428164,0.0,0.0,0.0,0.0,0.0,0.0,0.0,0.0,0.0,0.0,0.0,0.0,0.0,0.0,0.0,0.0,0.0,-7.0,-0.34270000000000006,0.34270000000000006,0.24733068181818182,0.34270000000000006,0.31272889750282645
2025-12-03,NVDA,181.0800018310547,182.4499969482422,179.11000061035156,179.58999633789062,165138000,-0.01030535824307155,0.014632747671698532,0.015373584664774136,0.0,0.0,0.0,0.0,0.0,0.0,0.0,0.0,0.0,0.0,0.0,0.0,0.0,0.0,0.0,0.0,0.0,0.0,0.0,0.0,0.25648809523809524,0.0,0.0
2025-12-04,NVDA,181.6199951171875,184.5200042724609,179.9600067138672,183.3800048828125,167364900,0.021103672933937556,0.01923080674232902,0.0170359690799398,0.0,0.0,0.0,0.0,0.0,0.0,0.0,0.0,0.0,0.0,0.0,0.0,0.0,0.0,0.0,0.0,0.0,0.0,0.0,0.0,0.34270000000000006,0.0,0.0
2025-12-05,NVDA,183.88999938964844,184.66000366210935,180.91000366210935,182.41000366210935,143971100,-0.0052895691726206895,0.005235296556227675,0.013584155598511125,0.0,0.0,0.0,0.0,0.0,0.0,0.0,0.0,0.0,0.0,0.0,0.0,0.0,0.0,0.0,0.0,0.0,0.0,0.0,0.0,0.0,0.0,0.0
2025-12-08,NVDA,182.63999938964844,188.0,182.3999938964844,185.5500030517578,204378100,0.01721396484079296,0.03318674110696951,0.01372420146722686,0.0,0.0,0.0,0.0,0.0,0.0,0.0,0.0,0.0,0.0,0.0,0.0,0.0,0.0,0.0,0.0,0.0,0.0,0.0,0.0,0.0,0.0,0.0
2025-12-09,NVDA,185.55999755859372,185.72000122070312,183.32000732421875,184.97000122070312,144719700,-0.0031258519079242486,0.00867050003028802,0.01421996066548989,0.0,0.0,0.0,0.0,0.0,0.0,0.0,0.0,0.0,0.0,0.0,0.0,0.0,0.0,0.0,0.0,0.0,0.0,0.0,0.0,0.0,0.0,0.0
2025-12-10,NVDA,184.97000122070312,185.47999572753903,182.0399932861328,183.77999877929688,162785400,-0.006433488855235314,0.007510526230377401,0.013329193810950917,0.0,0.0,0.0,0.0,0.0,0.0,0.0,0.0,0.0,0.0,0.0,0.0,0.0,0.0,0.0,0.0,0.0,0.0,0.0,0.0,0.0,0.0,0.0
2025-12-11,NVDA,180.27999877929688,181.32000732421875,176.6199951171875,180.92999267578125,182136600,-0.015507705530775517,-0.024899004580926087,0.012056159569985141,0.0,0.0,0.0,0.0,0.0,0.0,0.0,0.0,0.0,0.0,0.0,0.0,0.0,0.0,0.0,0.0,0.0,0.0,0.0,0.0,0.0,0.0,0.0
2025-12-12,NVDA,181.1100006103516,182.82000732421875,174.6199951171875,175.02000427246094,204274900,-0.032664503634346365,-0.05379249003934439,0.018211295277820463,0.0,0.0,0.0,0.0,0.0,0.0,0.0,0.0,0.0,0.0,0.0,0.0,0.0,0.0,0.0,0.0,0.0,0.0,0.0,0.0,0.0,0.0,0.0
2025-12-15,NVDA,177.94000244140625,178.4199981689453,175.02999877929688,176.2899932861328,164775600,0.007256250615185866,-0.04075528100399484,0.015014338666332004,0.0,0.0,0.0,0.0,0.0,0.0,0.0,0.0,0.0,0.0,0.0,0.0,0.0,0.0,0.0,0.0,0.0,0.0,0.0,0.0,0.0,0.0,0.0
2025-12-16,NVDA,176.25999450683594,178.49000549316406,174.89999389648438,177.72000122070312,148588100,0.00811167955658898,-0.017741621538836294,0.017024838768907827,0.0,0.0,0.0,0.0,0.0,0.0,0.0,0.0,0.0,0.0,0.0,0.0,0.0,0.0,0.0,0.0,0.0,0.0,0.0,0.0,0.0,0.0,0.0
2025-12-17,NVDA,176.10000610351562,176.1300048828125,170.30999755859375,170.94000244140625,222775500,-0.038149891586355955,-0.023311631421875534,0.02164732437419596,0.0,0.0,0.0,0.0,0.0,0.0,0.0,0.0,0.0,0.0,0.0,0.0,0.0,0.0,0.0,0.0,0.0,0.0,0.0,0.0,0.0,0.0,0.0
2025-12-18,NVDA,174.52999877929688,176.14999389648438,171.82000732421875,174.13999938964844,176096000,0.018720000599854014,-0.012195779558484388,0.026084038837097437,0.0,0.0,0.0,0.0,0.0,0.0,0.0,0.0,0.0,0.0,0.0,0.0,0.0,0.0,0.0,0.0,0.0,0.0,0.0,0.0,0.0,0.0,0.0
2025-12-19,NVDA,176.6699981689453,181.4499969482422,176.33999633789062,180.9900054931641,324925900,0.039336201490321354,0.01839975382624548,0.028384800093393406,0.0,0.0,0.0,0.0,0.0,0.0,0.0,0.0,0.0,0.0,0.0,0.0,0.0,0.0,0.0,0.0,0.0,0.0,0.0,0.0,0.0,0.0,0.0
2025-12-22,NVDA,183.9199981689453,184.16000366210935,182.3500061035156,183.69000244140625,129064400,0.014917933953784823,0.07458757352229695,0.028604347495984596,0.0,0.0,0.0,0.0,0.0,0.0,0.0,0.0,0.0,0.0,0.0,0.0,0.0,0.0,0.0,0.0,0.0,0.0,0.0,0.0,0.0,0.0,0.0
2025-12-23,NVDA,182.97000122070312,189.3300018310547,182.8999938964844,189.2100067138672,174873600,0.030050651636426062,0.08653960822923135,0.030153877805257,44.0,0.3353909090909091,0.9778,-0.4767,0.3858131930292605,0.3851272727272727,1.4545,26.0,4.0,22.0,0.5,6.0,23.0,15.0,0.42416666666666664,0.28707391304347823,0.37396666666666667,44.0,0.3353909090909091,0.0,0.0,0.0,0.0
2025-12-24,NVDA,187.94000244140625,188.91000366210935,186.58999633789065,188.6100006103516,65528500,-0.003171111898024326,0.042101745322480344,0.016118826140487062,24.0,0.36985833333333334,0.8622,-0.3182,0.3510230525276041,0.396375,1.1804,17.0,1.0,16.0,0.6666666666666666,4.0,5.0,15.0,0.30475,0.44158,0.3633133333333333,-20.0,0.03446742424242427,0.3353909090909091,0.0,0.3851272727272727,0.3858131930292605
2025-12-26,NVDA,189.9199981689453,192.69000244140625,188.0,190.52999877929688,139740300,0.01017972622200336,0.03723662827035157,0.016725567900096355,85.0,0.3465729411764706,0.9504,-0.7096,0.41925414595679406,0.4451823529411765,1.6600000000000001,56.0,11.0,45.0,0.5294117647058824,18.0,24.0,43.0,0.4160277777777778,0.33374166666666666,0.32466046511627905,61.0,-0.02328539215686276,0.36985833333333334,0.0,0.396375,0.3510230525276041
2025-12-29,NVDA,187.7100067138672,188.75999450683597,185.91000366210935,188.22000122070312,120006100,-0.012124062212741427,-0.005232310438322618,0.01634478174721489,88.0,0.2707715909090909,0.9709,-0.9682,0.42690711228202816,0.42680113636363637,1.9390999999999998,60.0,17.0,43.0,0.48863636363636365,4.0,49.0,35.0,-0.02402499999999997,0.20319183673469388,0.3990742857142857,3.0,-0.07580135026737966,0.3465729411764706,0.3353909090909091,0.4451823529411765,0.41925414595679406
2025-12-30,NVDA,188.2400054931641,188.9900054931641,186.92999267578125,187.5399932861328,97687300,-0.003612835671873982,-0.005673120835354317,0.016476052549511573,59.0,0.4145186440677966,0.9495,-0.802,0.41274080807015634,0.5034610169491525,1.7515,48.0,6.0,42.0,0.711864406779661,6.0,25.0,28.0,0.28113333333333335,0.45208,0.4095642857142857,-29.0,0.14374705315870567,0.2707715909090909,0.36985833333333334,0.42680113636363637,0.42690711228202816
2025-12-31,NVDA,189.57000732421875,190.55999755859372,186.4900054931641,186.5,120100500,-0.005545448029029565,-0.021151518422907634,0.008119919240654803,38.0,0.330121052631579,0.9096,-0.7759,0.4637767713015196,0.46331052631578945,1.6855,25.0,7.0,18.0,0.47368421052631576,2.0,23.0,13.0,0.37895,0.46633478260869565,0.08161538461538462,-21.0,-0.08439759143621761,0.4145186440677966,0.3465729411764706,0.5034610169491525,0.41274080807015634
2025-10-01,TSLA,443.7999877929688,462.2900085449219,440.75,459.4599914550781,98122300,,,,0.0,0.0,0.0,0.0,0.0,0.0,0.0,0.0,0.0,0.0,0.0,0.0,0.0,0.0,0.0,0.0,0.0,0.0,0.0,0.0,0.0,0.0,0.0
2025-10-02,TSLA,470.5400085449219,470.75,435.5700073242188,436.0,137009000,-0.051059922281332826,,,0.0,0.0,0.0,0.0,0.0,0.0,0.0,0.0,0.0,0.0,0.0,0.0,0.0,0.0,0.0,0.0,0.0,0.0,0.0,0.0,0.0,0.0,0.0
2025-10-03,TSLA,443.2900085449219,446.7699890136719,416.5799865722656,429.8299865722656,133188200,-0.014151406944344913,,,0.0,0.0,0.0,0.0,0.0,0.0,0.0,0.0,0.0,0.0,0.0,0.0,0.0,0.0,0.0,0.0,0.0,0.0,0.0,0.0,0.0,0.0,0.0
2025-10-06,TSLA,440.75,453.5499877929688,436.6900024414063,453.25,85324900,0.054486690457546505,-0.013515848105536965,,0.0,0.0,0.0,0.0,0.0,0.0,0.0,0.0,0.0,0.0,0.0,0.0,0.0,0.0,0.0,0.0,0.0,0.0,0.0,0.0,0.0,0.0,0.0
2025-10-07,TSLA,447.8200073242188,452.6799926757813,432.4500122070313,433.0899963378906,102296100,-0.044478772558432134,-0.006674320325938954,,0.0,0.0,0.0,0.0,0.0,0.0,0.0,0.0,0.0,0.0,0.0,0.0,0.0,0.0,0.0,0.0,0.0,0.0,0.0,0.0,0.0,0.0,0.0
2025-10-08,TSLA,437.5700073242188,441.3299865722656,425.2300109863281,438.6900024414063,71192100,0.012930352007361146,0.020612837972976195,0.04348657931303271,0.0,0.0,0.0,0.0,0.0,0.0,0.0,0.0,0.0,0.0,0.0,0.0,0.0,0.0,0.0,0.0,0.0,0.0,0.0,0.0,0.0,0.0,0.0
2025-10-09,TSLA,431.80999755859375,436.3500061035156,426.1799926757813,435.5400085449219,69339900,-0.007180455170972766,-0.03907334022080111,0.03662533206035134,0.0,0.0,0.0,0.0,0.0,0.0,0.0,0.0,0.0,0.0,0.0,0.0,0.0,0.0,0.0,0.0,0.0,0.0,0.0,0.0,0.0,0.0,0.0
2025-10-10,TSLA,436.5400085449219,443.1300048828125,411.4500122070313,413.489990234375,112107900,-0.05062684914805626,-0.04525619679338888,0.04326032110174727,0.0,0.0,0.0,0.0,0.0,0.0,0.0,0.0,0.0,0.0,0.0,0.0,0.0,0.0,0.0,0.0,0.0,0.0,0.0,0.0,0.0,0.0,0.0
2025-10-13,TSLA,423.5299987792969,436.8900146484375,419.7000122070313,435.8999938964844,79552800,0.054197209585187034,-0.006359863524117104,0.04315757549340033,0.0,0.0,0.0,0.0,0.0,0.0,0.0,0.0,0.0,0.0,0.0,0.0,0.0,0.0,0.0,0.0,0.0,0.0,0.0,0.0,0.0,0.0,0.0
2025-10-14,TSLA,426.7900085449219,434.2000122070313,417.8599853515625,429.239990234375,72669400,-0.015278742269702716,-0.014464844071602867,0.03855355877747022,0.0,0.0,0.0,0.0,0.0,0.0,0.0,0.0,0.0,0.0,0.0,0.0,0.0,0.0,0.0,0.0,0.0,0.0,0.0,0.0,0.0,0.0,0.0
2025-10-15,TSLA,434.8999938964844,440.510009765625,426.3299865722656,435.1499938964844,71558200,0.013768529951932784,0.05238338091287775,0.03863205660932316,0.0,0.0,0.0,0.0,0.0,0.0,0.0,0.0,0.0,0.0,0.0,0.0,0.0,0.0,0.0,0.0,0.0,0.0,0.0,0.0,0.0,0.0,0.0
2025-10-16,TSLA,434.7300109863281,439.3500061035156,421.30999755859375,428.75,77189900,-0.01470755828163206,-0.016402830916722455,0.039076043292876596,0.0,0.0,0.0,0.0,0.0,0.0,0.0,0.0,0.0,0.0,0.0,0.0,0.0,0.0,0.0,0.0,0.0,0.0,0.0,0.0,0.0,0.0,0.0
2025-10-17,TSLA,425.5,441.4599914550781,423.6000061035156,439.30999755859375,89331600,0.02462973191508744,0.02346008655605525,0.029151776180190582,0.0,0.0,0.0,0.0,0.0,0.0,0.0,0.0,0.0,0.0,0.0,0.0,0.0,0.0,0.0,0.0,0.0,0.0,0.0,0.0,0.0,0.0,0.0
2025-10-20,TSLA,443.8699951171875,449.7999877929688,440.6099853515625,447.4299926757813,63719000,0.018483519979771268,0.028220151560471196,0.018992863628332232,0.0,0.0,0.0,0.0,0.0,0.0,0.0,0.0,0.0,0.0,0.0,0.0,0.0,0.0,0.0,0.0,0.0,0.0,0.0,0.0,0.0,0.0,0.0
2025-10-21,TSLA,445.760009765625,449.2999877929688,442.0499877929688,442.6000061035156,54412200,-0.010794954856246375,0.03230322123268947,0.017844804860965253,0.0,0.0,0.0,0.0,0.0,0.0,0.0,0.0,0.0,0.0,0.0,0.0,0.0,0.0,0.0,0.0,0.0,0.0,0.0,0.0,0.0,0.0,0.0
2025-10-22,TSLA,443.4500122070313,445.5400085449219,429.0,438.9700012207031,84023500,-0.008201547294971134,-0.0007739326211105846,0.01823914970088778,0.0,0.0,0.0,0.0,0.0,0.0,0.0,0.0,0.0,0.0,0.0,0.0,0.0,0.0,0.0,0.0,0.0,0.0,0.0,0.0,0.0,0.0,0.0
2025-10-23,TSLA,420.0,449.3999938964844,413.8999938964844,448.9800109863281,126709800,0.022803402824313368,0.00346427002194738,0.01740514055099528,10.0,-0.08218,0.7248,-0.5859,0.44176552302475275,0.36344000000000004,1.3107,3.0,5.0,-2.0,-0.2,0.0,10.0,0.0,0.0,-0.08218,0.0,10.0,-0.08218,0.0,0.0,0.0,0.0
2025-10-24,TSLA,446.8299865722656,451.6799926757813,430.1700134277344,433.7200012207031,94727800,-0.03398817183887881,-0.020063273294975148,0.023309120897074487,21.0,0.011947619047619035,0.5859,-0.6808,0.3711897299482404,0.26539523809523813,1.2667,7.0,7.0,0.0,0.0,2.0,9.0,10.0,-0.07655,0.032199999999999986,0.01141999999999999,11.0,0.09412761904761904,-0.08218,0.0,0.36344000000000004,0.44176552302475275
2025-10-27,TSLA,439.9800109863281,460.1600036621094,438.6900024414063,452.4200134277344,105867500,0.043115401997602554,0.03063993477829685,0.03034990516886769,88.0,0.21619090909090907,0.9337,-0.7845,0.5062696745457713,0.47150909090909093,1.7182,53.0,24.0,29.0,0.32954545454545453,9.0,50.0,29.0,0.14981111111111112,0.19866599999999998,0.26700689655172416,67.0,0.20424329004329003,0.011947619047619035,0.0,0.26539523809523813,0.3711897299482404
2025-10-28,TSLA,454.7799987792969,467.0,451.6000061035156,460.5499877929688,80185700,0.017969970655449474,0.02576946973925076,0.029902139798571918,34.0,0.38116176470588237,0.9509,-0.5719,0.35078395838957366,0.4268735294117647,1.5228,25.0,3.0,22.0,0.6470588235294118,11.0,10.0,13.0,0.39024545454545456,0.37181,0.38066923076923076,-54.0,0.1649708556149733,0.21619090909090907,-0.08218,0.47150909090909093,0.5062696745457713
2025-10-29,TSLA,462.5,465.7000122070313,452.6499938964844,461.510009765625,67983500,0.0020845119924044475,0.0640736153894379,0.028813640350121926,41.0,0.3030024390243902,0.9628,-0.8397,0.48669872328156194,0.47200243902439026,1.8025,25.0,10.0,15.0,0.36585365853658536,11.0,14.0,16.0,0.3081181818181818,0.18769285714285713,0.40038125,7.0,-0.07815932568149214,0.38116176470588237,0.011947619047619035,0.4268735294117647,0.35078395838957366
2025-10-30,TSLA,451.0499877929688,455.05999755859375,439.6099853515625,440.1000061035156,72447900,-0.04639120107705208,-0.027231349097218138,0.03685888288470425,48.0,0.11464791666666667,0.9403,-0.9,0.5771124599979879,0.51820625,1.8403,25.0,21.0,4.0,0.08333333333333333,13.0,24.0,11.0,-0.042553846153846164,0.08106666666666666,0.37370000000000003,7.0,-0.18835452235772354,0.3030024390243902,0.21619090909090907,0.47200243902439026,0.48669872328156194
2025-10-31,TSLA,446.75,458.0,443.6900024414063,456.55999755859375,83135800,0.03740057084027071,-0.008663533471134688,0.03588199701769907,4.0,0.409575,0.7717,-0.1027,0.4236044332078376,0.46092500000000003,0.8744000000000001,3.0,1.0,2.0,0.5,4.0,0.0,0.0,0.409575,0.0,0.0,-44.0,0.29492708333333334,0.11464791666666667,0.38116176470588237,0.51820625,0.5771124599979879
2025-11-03,TSLA,455.989990234375,474.0700073242188,453.7999877929688,468.3699951171875,84595200,0.02586735066967427,0.014864217907313293,0.03269001510638762,0.0,0.0,0.0,0.0,0.0,0.0,0.0,0.0,0.0,0.0,0.0,0.0,0.0,0.0,0.0,0.0,0.0,-4.0,-0.409575,0.409575,0.3030024390243902,0.46092500000000003,0.4236044332078376
2025-11-04,TSLA,454.4599914550781,460.2200012207031,443.6000061035156,444.260009765625,87756600,-0.05147636612701911,0.009452405372452732,0.04081292914989903,0.0,0.0,0.0,0.0,0.0,0.0,0.0,0.0,0.0,0.0,0.0,0.0,0.0,0.0,0.0,0.0,0.0,0.0,0.0,0.0,0.11464791666666667,0.0,0.0
2025-11-05,TSLA,452.0499877929688,466.3299865722656,440.7099914550781,462.0700073242188,85573000,0.040089130615176716,0.012068533807362058,0.04601900107944927,0.0,0.0,0.0,0.0,0.0,0.0,0.0,0.0,0.0,0.0,0.0,0.0,0.0,0.0,0.0,0.0,0.0,0.0,0.0,0.0,0.409575,0.0,0.0
2025-11-06,TSLA,461.9599914550781,467.4500122070313,435.0899963378906,445.9100036621094,109622900,-0.03497306340156048,-0.0479535232598719,0.043274758278602124,0.0,0.0,0.0,0.0,0.0,0.0,0.0,0.0,0.0,0.0,0.0,0.0,0.0,0.0,0.0,0.0,0.0,0.0,0.0,0.0,0.0,0.0,0.0
2025-11-07,TSLA,437.9200134277344,439.3599853515625,421.8800048828125,429.5199890136719,103471500,-0.03675632866235745,-0.033178815171163833,0.04136641576497286,0.0,0.0,0.0,0.0,0.0,0.0,0.0,0.0,0.0,0.0,0.0,0.0,0.0,0.0,0.0,0.0,0.0,0.0,0.0,0.0,0.0,0.0,0.0
2025-11-10,TSLA,439.6000061035156,449.6700134277344,433.3599853515625,445.2300109863281,76515900,0.03657576451501576,-0.036444686023680006,0.04397633933866744,0.0,0.0,0.0,0.0,0.0,0.0,0.0,0.0,0.0,0.0,0.0,0.0,0.0,0.0,0.0,0.0,0.0,0.0,0.0,0.0,0.0,0.0,0.0
2025-11-11,TSLA,439.3999938964844,442.489990234375,432.3599853515625,439.6199951171875,60533200,-0.01260026442672324,-0.014106004559808372,0.03763670002153554,0.0,0.0,0.0,0.0,0.0,0.0,0.0,0.0,0.0,0.0,0.0,0.0,0.0,0.0,0.0,0.0,0.0,0.0,0.0,0.0,0.0,0.0,0.0
2025-11-12,TSLA,442.1499938964844,442.3299865722656,426.55999755859375,430.6000061035156,58513500,-0.02051769508633805,0.0025144745703775673,0.029830646848376118,0.0,0.0,0.0,0.0,0.0,0.0,0.0,0.0,0.0,0.0,0.0,0.0,0.0,0.0,0.0,0.0,0.0,0.0,0.0,0.0,0.0,0.0,0.0
2025-11-13,TSLA,423.1300048828125,424.5,396.3399963378906,401.989990234375,118948000,-0.06644220962287406,-0.09711838754122282,0.03772757998555297,0.0,0.0,0.0,0.0,0.0,0.0,0.0,0.0,0.0,0.0,0.0,0.0,0.0,0.0,0.0,0.0,0.0,0.0,0.0,0.0,0.0,0.0,0.0
2025-11-14,TSLA,386.2999877929688,412.1900024414063,382.7799987792969,404.3500061035156,105506700,0.005870832424868633,-0.08022835495521563,0.0377960675608895,0.0,0.0,0.0,0.0,0.0,0.0,0.0,0.0,0.0,0.0,0.0,0.0,0.0,0.0,0.0,0.0,0.0,0.0,0.0,0.0,0.0,0.0,0.0
2025-11-17,TSLA,398.739990234375,423.9599914550781,398.739990234375,408.9200134277344,102214300,0.011302107716671506,-0.05034833341495448,0.030817944881085007,0.0,0.0,0.0,0.0,0.0,0.0,0.0,0.0,0.0,0.0,0.0,0.0,0.0,0.0,0.0,0.0,0.0,0.0,0.0,0.0,0.0,0.0,0.0
2025-11-18,TSLA,405.3800048828125,408.8999938964844,393.7099914550781,401.25,80688600,-0.018756757252943457,-0.0018408175635009627,0.03074721593617279,0.0,0.0,0.0,0.0,0.0,0.0,0.0,0.0,0.0,0.0,0.0,0.0,0.0,0.0,0.0,0.0,0.0,0.0,0.0,0.0,0.0,0.0,0.0
2025-11-19,TSLA,406.1799926757813,411.7799987792969,398.5,403.989990234375,72047700,0.006828636098130891,-0.0008903570266014516,0.03250459052673173,0.0,0.0,0.0,0.0,0.0,0.0,0.0,0.0,0.0,0.0,0.0,0.0,0.0,0.0,0.0,0.0,0.0,0.0,0.0,0.0,0.0,0.0,0.0
2025-11-20,TSLA,414.6300048828125,428.9400024414063,394.739990234375,395.2300109863281,113548800,-0.02168365419886953,-0.033478435859989,0.015626774496008727,0.0,0.0,0.0,0.0,0.0,0.0,0.0,0.0,0.0,0.0,0.0,0.0,0.0,0.0,0.0,0.0,0.0,0.0,0.0,0.0,0.0,0.0,0.0
2025-11-21,TSLA,402.3200073242188,402.7999877929688,383.760009765625,391.0899963378906,100460600,-0.010474950113494086,-0.025320881400895612,0.014925842183381033,17.0,0.08201764705882353,0.9648,-0.7738,0.5685982976092328,0.48320588235294126,1.7386,9.0,6.0,3.0,0.17647058823529413,0.0,17.0,0.0,0.0,0.08201764705882353,0.0,17.0,0.08201764705882353,0.0,0.0,0.0,0.0
2025-11-24,TSLA,402.1700134277344,421.7200012207031,401.0899963378906,417.7799987792969,96806400,0.0682451678419993,0.03413453025636004,0.037145082174798075,79.0,0.3043746835443038,0.9022,-0.7017,0.40006081507830343,0.41866329113924067,1.6038999999999999,52.0,14.0,38.0,0.4810126582278481,16.0,31.0,32.0,0.24560625000000003,0.3970516129032258,0.243978125,62.0,0.22235703648548028,0.08201764705882353,0.0,0.48320588235294126,0.5685982976092328
2025-11-25,TSLA,414.4200134277344,420.4800109863281,405.9500122070313,419.3999938964844,71915600,0.0038776272725380423,0.06115421966524792,0.034860654423863185,59.0,0.12059152542372881,0.9306,-0.8553,0.49544407085031955,0.423615254237288,1.7858999999999998,32.0,18.0,14.0,0.23728813559322035,19.0,13.0,27.0,0.25159473684210526,-0.13848461538461537,0.15314444444444444,-20.0,-0.183783158120575,0.3043746835443038,0.0,0.41866329113924067,0.40006081507830343
2025-11-26,TSLA,423.9500122070313,426.9400024414063,416.8900146484375,426.5799865722656,63463000,0.017119677587676296,0.09074635139404763,0.034977543227690276,45.0,0.22633555555555557,0.9403,-0.9022,0.4763035950065479,0.45175333333333345,1.8425,29.0,11.0,18.0,0.4,8.0,16.0,21.0,0.1348125,0.24330625,0.2482714285714286,-14.0,0.10574403013182676,0.12059152542372881,0.08201764705882353,0.423615254237288,0.49544407085031955
2025-11-28,TSLA,426.5899963378906,432.9299926757813,426.2000122070313,430.1700134277344,36252900,0.008415835173881447,0.029656792294125323,0.03010766337311467,28.0,0.24607142857142855,0.9538,-0.5921,0.46526332476959903,0.43401428571428574,1.5459,18.0,6.0,12.0,0.42857142857142855,4.0,5.0,19.0,0.27242500000000003,0.3116,0.22327894736842105,-17.0,0.019735873015872984,0.22633555555555557,0.3043746835443038,0.45175333333333345,0.4763035950065479
2025-12-01,TSLA,425.3200073242188,433.6600036621094,425.2900085449219,430.1400146484375,57463600,-6.973703038437584e-05,0.025608061297692775,0.027980562899712437,13.0,0.4558384615384616,0.9371,0.0,0.36652752633888575,0.4558384615384616,0.9371,9.0,0.0,9.0,0.6923076923076923,0.0,9.0,4.0,0.0,0.5592777777777778,0.22310000000000002,-15.0,0.20976703296703303,0.24607142857142855,0.12059152542372881,0.43401428571428574,0.46526332476959903
2025-12-02,TSLA,430.80999755859375,436.7999877929688,422.1199951171875,429.239990234375,69336600,-0.0020923987153301793,0.006235650395799208,0.007661677106497338,0.0,0.0,0.0,0.0,0.0,0.0,0.0,0.0,0.0,0.0,0.0,0.0,0.0,0.0,0.0,0.0,0.0,-13.0,-0.4558384615384616,0.4558384615384616,0.22633555555555557,0.4558384615384616,0.36652752633888575
2025-12-03,TSLA,432.1000061035156,447.9200134277344,431.1099853515625,446.739990234375,87483000,0.04076973347810542,0.03851959990099196,0.01737524158914931,0.0,0.0,0.0,0.0,0.0,0.0,0.0,0.0,0.0,0.0,0.0,0.0,0.0,0.0,0.0,0.0,0.0,0.0,0.0,0.0,0.24607142857142855,0.0,0.0
2025-12-04,TSLA,449.9400024414063,454.6300048828125,445.3900146484375,454.5299987792969,71906500,0.017437455153354264,0.05670243013962284,0.017395430934049237,0.0,0.0,0.0,0.0,0.0,0.0,0.0,0.0,0.0,0.0,0.0,0.0,0.0,0.0,0.0,0.0,0.0,0.0,0.0,0.0,0.4558384615384616,0.0,0.0
2025-12-05,TSLA,453.0299987792969,458.8699951171875,451.6600036621094,455.0,56427500,0.0010340378456106247,0.06001307043073845,0.018166478196535486,0.0,0.0,0.0,0.0,0.0,0.0,0.0,0.0,0.0,0.0,0.0,0.0,0.0,0.0,0.0,0.0,0.0,0.0,0.0,0.0,0.0,0.0,0.0
2025-12-08,TSLA,447.4500122070313,449.75,435.25,439.5799865722656,69165800,-0.033890139401614006,-0.01602722795949607,0.027440989452665494,0.0,0.0,0.0,0.0,0.0,0.0,0.0,0.0,0.0,0.0,0.0,0.0,0.0,0.0,0.0,0.0,0.0,0.0,0.0,0.0,0.0,0.0,0.0
2025-12-09,TSLA,437.5400085449219,452.3900146484375,435.7000122070313,445.1700134277344,62367400,0.01271674558948499,-0.020592667979451362,0.027330067849597742,0.0,0.0,0.0,0.0,0.0,0.0,0.0,0.0,0.0,0.0,0.0,0.0,0.0,0.0,0.0,0.0,0.0,0.0,0.0,0.0,0.0,0.0,0.0
2025-12-10,TSLA,446.0700073242188,456.8800048828125,443.6099853515625,451.4500122070313,63257500,0.01410696720325344,-0.007802170973557621,0.021144636786553636,0.0,0.0,0.0,0.0,0.0,0.0,0.0,0.0,0.0,0.0,0.0,0.0,0.0,0.0,0.0,0.0,0.0,0.0,0.0,0.0,0.0,0.0,0.0
2025-12-11,TSLA,448.9500122070313,449.2699890136719,440.3299865722656,446.8900146484375,55979500,-0.010100780674035303,0.0166295743652336,0.019750334579411395,0.0,0.0,0.0,0.0,0.0,0.0,0.0,0.0,0.0,0.0,0.0,0.0,0.0,0.0,0.0,0.0,0.0,0.0,0.0,0.0,0.0,0.0,0.0
2025-12-12,TSLA,448.0899963378906,463.010009765625,441.6700134277344,458.9599914550781,95656700,0.027008830833098685,0.030976879869250906,0.024090428042572047,0.0,0.0,0.0,0.0,0.0,0.0,0.0,0.0,0.0,0.0,0.0,0.0,0.0,0.0,0.0,0.0,0.0,0.0,0.0,0.0,0.0,0.0,0.0
2025-12-15,TSLA,469.4400024414063,481.7699890136719,467.6600036621094,475.30999755859375,114542200,0.035624033484225714,0.05285188770937599,0.01733369645620378,0.0,0.0,0.0,0.0,0.0,0.0,0.0,0.0,0.0,0.0,0.0,0.0,0.0,0.0,0.0,0.0,0.0,0.0,0.0,0.0,0.0,0.0,0.0
2025-12-16,TSLA,472.2099914550781,491.5,465.8299865722656,489.8800048828125,107608100,0.030653694218629735,0.09619814456627473,0.018344306469179616,0.0,0.0,0.0,0.0,0.0,0.0,0.0,0.0,0.0,0.0,0.0,0.0,0.0,0.0,0.0,0.0,0.0,0.0,0.0,0.0,0.0,0.0,0.0
2025-12-17,TSLA,488.2200012207031,495.2799987792969,466.2000122070313,467.260009765625,106490400,-0.04617456293730249,0.018084404882945604,0.0349940984329575,0.0,0.0,0.0,0.0,0.0,0.0,0.0,0.0,0.0,0.0,0.0,0.0,0.0,0.0,0.0,0.0,0.0,0.0,0.0,0.0,0.0,0.0,0.0
2025-12-18,TSLA,478.1600036621094,490.8599853515625,473.1199951171875,483.3699951171875,95168400,0.034477560704677446,0.016957349098469576,0.03509850064086155,0.0,0.0,0.0,0.0,0.0,0.0,0.0,0.0,0.0,0.0,0.0,0.0,0.0,0.0,0.0,0.0,0.0,0.0,0.0,0.0,0.0,0.0,0.0
2025-12-19,TSLA,488.1199951171875,490.489990234375,474.7200012207031,481.2000122070313,103305400,-0.004489279293453219,-0.017718609841725574,0.03552406303510533,19.0,0.35503684210526315,0.9393,-0.6808,0.5170733186895112,0.5431421052631579,1.6200999999999999,14.0,4.0,10.0,0.5263157894736842,0.0,16.0,3.0,0.0,0.38925624999999997,0.17253333333333332,19.0,0.35503684210526315,0.0,0.0,0.0,0.0
2025-12-22,TSLA,489.8800048828125,498.8299865722656,485.3299865722656,488.7300109863281,86916100,0.015648376118613028,0.045948723990894,0.03295479699689163,76.0,0.40246315789473686,0.9565,-0.8385,0.43537198618870143,0.5086263157894736,1.795,54.0,12.0,42.0,0.5526315789473685,24.0,13.0,39.0,0.44503333333333334,0.4493692307692308,0.36063076923076925,57.0,0.047426315789473705,0.35503684210526315,0.0,0.5431421052631579,0.5170733186895112
2025-12-23,TSLA,489.3999938964844,491.9700012207031,482.8399963378906,485.55999755859375,58223600,-0.00648622625268469,0.004530695871752144,0.03007499461431798,34.0,0.4305235294117647,0.9546,-0.5983,0.39537751891058875,0.4920823529411765,1.5529000000000002,26.0,3.0,23.0,0.6764705882352942,11.0,14.0,9.0,0.5786,0.3490428571428571,0.3762888888888889,-42.0,0.028060371517027838,0.40246315789473686,0.0,0.5086263157894736,0.43537198618870143
2025-12-24,TSLA,488.4800109863281,490.8999938964844,476.7999877929688,485.3999938964844,41285400,-0.00032952397832164415,0.008728141277864365,0.01728073091785574,24.0,0.19497916666666668,0.9222,-0.6705,0.4900537485864415,0.4217875,1.5927,13.0,7.0,6.0,0.25,3.0,13.0,8.0,0.32903333333333334,0.138,0.23729999999999998,-10.0,-0.23554436274509802,0.4305235294117647,0.35503684210526315,0.4920823529411765,0.39537751891058875
2025-12-26,TSLA,485.2300109863281,489.0899963378906,473.8200073242188,475.1900024414063,58780700,-0.021034181259704465,-0.027704475355618374,0.013171228204661276,37.0,0.23590270270270272,0.9217,-0.8375,0.5011521029291109,0.44785405405405404,1.7591999999999999,23.0,8.0,15.0,0.40540540540540543,7.0,9.0,21.0,0.41978571428571426,0.15525555555555556,0.20917142857142856,13.0,0.040923536036036046,0.19497916666666668,0.40246315789473686,0.4217875,0.4900537485864415
2025-12-29,TSLA,469.0,469.3999938964844,459.0,459.6400146484375,66263000,-0.032723726747357684,-0.053381627482664284,0.018686052760027883,53.0,0.13863962264150945,0.9081,-0.889,0.5198367067349955,0.44926226415094334,1.7971,29.0,15.0,14.0,0.2641509433962264,1.0,24.0,28.0,0.0,-0.006962499999999999,0.26839285714285716,16.0,-0.09726308006119327,0.23590270270270272,0.4305235294117647,0.44785405405405404,0.5011521029291109
2025-12-30,TSLA,461.0899963378906,463.1199951171875,453.8299865722656,454.4299926757813,59238500,-0.01133500523587172,-0.0638030523488381,0.012745292834324167,48.0,0.16616250000000002,0.9532,-0.5267,0.39609161019922257,0.3385125,1.4799,25.0,14.0,11.0,0.22916666666666666,5.0,29.0,14.0,0.04746,0.13546206896551724,0.27215,-5.0,0.02752287735849057,0.13863962264150945,0.19497916666666668,0.44926226415094334,0.5198367067349955
2025-12-31,TSLA,456.1000061035156,456.5499877929688,449.2999877929688,449.7200012207031,49078000,-0.010364613980130888,-0.05359961507995692,0.012253160819235297,35.0,0.25754285714285713,0.9136,-0.9186,0.5062419621936869,0.4768914285714285,1.8321999999999998,22.0,9.0,13.0,0.37142857142857144,1.0,14.0,20.0,-0.5994,0.24571428571428572,0.30867,-13.0,0.09138035714285711,0.16616250000000002,0.23590270270270272,0.3385125,0.39609161019922257
